title,percentage
Manager,0.002760219713489193739800
Assistant Engineer,1.50431974385161058800
Technique Leader,4.97253581385078252200
Staff,10.53851886610174169900
Engineer,12.81432001987358193700
Senior Staff,34.40061828921582157900
Senior Engineer,35.76692704739297248100
