title,percentage
Manager,0.000027602197134891937398
Assistant Engineer,0.01504319743851610588
Technique Leader,0.04972535813850782522
Staff,0.10538518866101741699
Engineer,0.12814320019873581937
Senior Staff,0.34400618289215821579
Senior Engineer,0.35766927047392972481
